{
  "version": 1,
  "author": "Ferreira Tapia Jorge Luis",
  "editor": "wokwi",
  "parts": [
    { "type": "wokwi-esp32-devkit-v1", "id": "esp", "top": 0, "left": 0, "attrs": {} },
    {
      "type": "wokwi-led",
      "id": "led1",
      "top": 7.99,
      "left": 251.53,
      "attrs": { "color": "red" }
    },
    {
      "type": "wokwi-led",
      "id": "led2",
      "top": 16.44,
      "left": 135.67,
      "attrs": { "color": "green" }
    },
    {
      "type": "wokwi-led",
      "id": "led3",
      "top": 11.2,
      "left": 192.59,
      "attrs": { "color": "yellow" }
    }
  ],
  "connections": [
    [ "esp:TX0", "$serialMonitor:RX", "", [] ],
    [ "esp:RX0", "$serialMonitor:TX", "", [] ],
    [ "led2:C", "esp:GND.1", "green", [ "v0" ] ],
    [ "led2:A", "esp:D2", "green", [ "v0" ] ],
    [ "led3:C", "esp:GND.1", "yellow", [ "v0" ] ],
    [ "led1:C", "esp:GND.1", "red", [ "v0" ] ],
    [ "led3:A", "esp:D5", "yellow", [ "v0" ] ],
    [ "led1:A", "esp:D4", "red", [ "v0" ] ]
  ],
  "dependencies": {}
}