{
  "version": 1,
  "author": "Olvera Angeles Cecilia",
  "editor": "wokwi",
  "parts": [
    { "type": "wokwi-esp32-devkit-v1", "id": "esp", "top": 108.66, "left": -128.66, "attrs": {} },
    {
      "type": "wokwi-led",
      "id": "led1",
      "top": -7.33,
      "left": 11.13,
      "attrs": { "color": "green" }
    },
    {
      "type": "wokwi-resistor",
      "id": "r1",
      "top": 100.64,
      "left": 12.23,
      "rotate": 90,
      "attrs": { "value": "1000" }
    },
    {
      "type": "wokwi-led",
      "id": "led2",
      "top": -20.83,
      "left": 228.74,
      "attrs": { "color": "red", "flip": "1" }
    },
    {
      "type": "wokwi-led",
      "id": "led3",
      "top": -12.8,
      "left": 144.85,
      "attrs": { "color": "yellow" }
    },
    {
      "type": "wokwi-resistor",
      "id": "r3",
      "top": 139.89,
      "left": 148.81,
      "rotate": 90,
      "attrs": { "value": "1000" }
    },
    {
      "type": "wokwi-led",
      "id": "led4",
      "top": -13.37,
      "left": -349.04,
      "attrs": { "color": "yellow" }
    },
    {
      "type": "wokwi-resistor",
      "id": "r4",
      "top": 155.42,
      "left": -346.65,
      "rotate": 90,
      "attrs": { "value": "1000" }
    },
    {
      "type": "wokwi-led",
      "id": "led5",
      "top": -9.7,
      "left": -245.53,
      "attrs": { "color": "green" }
    },
    {
      "type": "wokwi-resistor",
      "id": "r5",
      "top": 94.86,
      "left": -245.23,
      "rotate": 90,
      "attrs": { "value": "1000" }
    },
    { "type": "wokwi-led", "id": "led6", "top": -1, "left": -466.71, "attrs": { "color": "red" } },
    {
      "type": "wokwi-resistor",
      "id": "r6",
      "top": 206.99,
      "left": -459.59,
      "rotate": 90,
      "attrs": { "value": "1000" }
    },
    {
      "type": "wokwi-resistor",
      "id": "r7",
      "top": 221.5,
      "left": 203.01,
      "rotate": 90,
      "attrs": { "value": "1000" }
    }
  ],
  "connections": [
    [ "esp:TX0", "$serialMonitor:RX", "", [] ],
    [ "esp:RX0", "$serialMonitor:TX", "", [] ],
    [ "r1:1", "led1:A", "limegreen", [ "h-0.45", "v-14.21" ] ],
    [ "led1:C", "esp:GND.1", "limegreen", [ "v185.07", "h-160.43" ] ],
    [ "led2:C", "esp:GND.1", "red", [ "v250.8", "h-253.76" ] ],
    [ "led3:A", "r3:1", "yellow", [ "v14.53", "h2.1" ] ],
    [ "led3:C", "esp:GND.1", "yellow", [ "v0" ] ],
    [ "r4:1", "led4:A", "yellow", [ "h0" ] ],
    [ "led6:A", "r6:1", "red", [ "v0" ] ],
    [ "led5:A", "r5:1", "limegreen", [ "v0" ] ],
    [ "led6:C", "esp:GND.2", "red", [ "v0" ] ],
    [ "esp:GND.2", "led5:C", "limegreen", [ "h0" ] ],
    [ "led4:C", "esp:GND.2", "yellow", [ "v0" ] ],
    [ "r6:2", "esp:D14", "red", [ "h0" ] ],
    [ "esp:D13", "r5:2", "limegreen", [ "h0" ] ],
    [ "esp:D12", "r4:2", "yellow", [ "h0" ] ],
    [ "r1:2", "esp:D2", "limegreen", [ "h0" ] ],
    [ "esp:D5", "r3:2", "yellow", [ "h0" ] ],
    [ "r7:2", "esp:D4", "red", [ "h0" ] ],
    [ "led2:A", "r7:1", "red", [ "v0" ] ]
  ],
  "dependencies": {}
}