{
  "version": 1,
  "author": "Uri Shaked",
  "editor": "wokwi",
  "parts": [
    { "type": "wokwi-esp32-devkit-v1", "id": "esp", "top": -41.84, "left": -55.24, "attrs": {} },
    {
      "type": "wokwi-led",
      "id": "led1",
      "top": -66.37,
      "left": 299.58,
      "attrs": { "color": "limegreen" }
    },
    {
      "type": "wokwi-resistor",
      "id": "r1",
      "top": 12.68,
      "left": 149.78,
      "rotate": 90,
      "attrs": {}
    },
    {
      "type": "wokwi-led",
      "id": "led2",
      "top": -62.99,
      "left": 154.98,
      "attrs": { "color": "yellow" }
    },
    {
      "type": "wokwi-resistor",
      "id": "r2",
      "top": 14.97,
      "left": 231.39,
      "rotate": 90,
      "attrs": { "value": "1000" }
    },
    {
      "type": "wokwi-led",
      "id": "led3",
      "top": -59.64,
      "left": 231.36,
      "attrs": { "color": "red" }
    },
    {
      "type": "wokwi-resistor",
      "id": "r3",
      "top": 60.64,
      "left": 296.67,
      "rotate": 90,
      "attrs": { "value": "1000" }
    },
    {
      "type": "wokwi-led",
      "id": "led4",
      "top": -185.14,
      "left": 118.93,
      "attrs": { "color": "limegreen" }
    },
    {
      "type": "wokwi-resistor",
      "id": "r4",
      "top": -102.03,
      "left": 114.49,
      "rotate": 90,
      "attrs": { "value": "1000" }
    },
    {
      "type": "wokwi-led",
      "id": "led5",
      "top": -191.32,
      "left": 53.81,
      "attrs": { "color": "yellow" }
    },
    {
      "type": "wokwi-resistor",
      "id": "r5",
      "top": -87.85,
      "left": 57.26,
      "rotate": 90,
      "attrs": { "value": "1000" }
    },
    {
      "type": "wokwi-led",
      "id": "led6",
      "top": -184.19,
      "left": -3.1,
      "attrs": { "color": "red" }
    },
    {
      "type": "wokwi-resistor",
      "id": "r6",
      "top": -95.49,
      "left": -6.35,
      "rotate": 90,
      "attrs": { "value": "1000" }
    },
    {
      "type": "wokwi-led",
      "id": "led7",
      "top": -46.42,
      "left": -178.8,
      "attrs": { "color": "yellow" }
    },
    {
      "type": "wokwi-led",
      "id": "led8",
      "top": -49.93,
      "left": -117.27,
      "attrs": { "color": "limegreen" }
    },
    {
      "type": "wokwi-led",
      "id": "led9",
      "top": -48.6,
      "left": -244.03,
      "attrs": { "color": "red" }
    },
    {
      "type": "wokwi-resistor",
      "id": "r7",
      "top": 29.02,
      "left": -120.1,
      "rotate": 90,
      "attrs": { "value": "1000" }
    },
    {
      "type": "wokwi-resistor",
      "id": "r8",
      "top": 27.63,
      "left": -181.97,
      "rotate": 90,
      "attrs": { "value": "1000" }
    },
    {
      "type": "wokwi-resistor",
      "id": "r9",
      "top": 32.96,
      "left": -249.76,
      "rotate": 90,
      "attrs": { "value": "1000" }
    }
  ],
  "connections": [
    [ "esp:TX0", "$serialMonitor:RX", "", [] ],
    [ "esp:RX0", "$serialMonitor:TX", "", [] ],
    [ "r4:1", "led4:A", "green", [ "h0" ] ],
    [ "r5:1", "led5:A", "green", [ "h-0.59", "v-28.24" ] ],
    [ "led6:A", "r6:1", "green", [ "v29.85", "h-7.48" ] ],
    [ "led8:A", "r7:1", "green", [ "v0" ] ],
    [ "led7:A", "r8:1", "green", [ "v0" ] ],
    [ "r9:1", "led9:A", "green", [ "h0" ] ],
    [ "r1:1", "led2:A", "green", [ "h0" ] ],
    [ "r2:1", "led3:A", "green", [ "h0" ] ],
    [ "r3:1", "led1:A", "green", [ "h0.54", "v-25.77" ] ],
    [ "r3:2", "esp:D15", "green", [ "h0" ] ],
    [ "esp:D2", "r1:2", "green", [ "h0" ] ],
    [ "esp:D4", "r2:2", "green", [ "h0" ] ],
    [ "esp:D18", "r4:2", "green", [ "h0" ] ],
    [ "esp:D19", "r5:2", "green", [ "h0" ] ],
    [ "esp:D21", "r6:2", "green", [ "h0" ] ],
    [ "esp:D13", "r7:2", "green", [ "h-39.56", "v-42.78" ] ],
    [ "esp:D12", "r8:2", "green", [ "h0" ] ],
    [ "esp:D14", "r9:2", "green", [ "h0" ] ],
    [ "led9:C", "esp:GND.2", "green", [ "v0" ] ],
    [ "led7:C", "esp:GND.2", "green", [ "v0" ] ],
    [ "led8:C", "esp:GND.2", "green", [ "v0" ] ],
    [ "led2:C", "esp:GND.1", "green", [ "v0" ] ],
    [ "led3:C", "esp:GND.1", "green", [ "v0" ] ],
    [ "led1:C", "esp:GND.1", "green", [ "v0" ] ],
    [ "led6:C", "esp:GND.2", "green", [ "v0" ] ],
    [ "led5:C", "esp:GND.2", "green", [ "v0" ] ],
    [ "led4:C", "esp:GND.2", "green", [ "v0" ] ]
  ],
  "dependencies": {}
}