{
  "version": 1,
  "author": "Camargo Maldonado Juan Pablo",
  "editor": "wokwi",
  "parts": [
    { "type": "wokwi-esp32-devkit-v1", "id": "esp", "top": 0, "left": 0, "attrs": {} },
    { "type": "wokwi-relay-module", "id": "relay1", "top": -26.2, "left": 189.86, "attrs": {} },
    { "type": "wokwi-relay-module", "id": "relay2", "top": 79.13, "left": 193.2, "attrs": {} },
    { "type": "wokwi-relay-module", "id": "relay3", "top": 200.73, "left": 189.81, "attrs": {} },
    {
      "type": "wokwi-led",
      "id": "led1",
      "top": -68.4,
      "left": 344.73,
      "attrs": { "color": "limegreen", "flip": "1" }
    },
    {
      "type": "wokwi-led",
      "id": "led2",
      "top": 31.6,
      "left": 345.4,
      "attrs": { "color": "yellow", "flip": "1" }
    },
    {
      "type": "wokwi-led",
      "id": "led3",
      "top": 135.62,
      "left": 350.73,
      "attrs": { "color": "red", "flip": "1" }
    },
    {
      "type": "wokwi-gnd",
      "id": "gnd1",
      "top": -114.37,
      "left": 401.25,
      "rotate": 180,
      "attrs": {}
    },
    { "type": "wokwi-vcc", "id": "vcc1", "top": -121.5, "left": 329.54, "attrs": {} }
  ],
  "connections": [
    [ "esp:TX0", "$serialMonitor:RX", "", [] ],
    [ "esp:RX0", "$serialMonitor:TX", "", [] ],
    [ "esp:D5", "relay1:IN", "green", [ "h19.2", "v-45.57" ] ],
    [ "esp:D4", "relay2:IN", "yellow", [ "h0" ] ],
    [ "esp:D2", "relay3:IN", "red", [ "h25.87", "v45.33" ] ],
    [ "relay3:GND", "relay2:GND", "black", [ "h-23.63", "v-64" ] ],
    [ "relay2:GND", "relay1:GND", "black", [ "h-16.7", "v-66.4" ] ],
    [ "relay3:VCC", "relay2:VCC", "purple", [ "h-42.3", "v-66.66" ] ],
    [ "relay2:VCC", "relay1:VCC", "purple", [ "h-38.7", "v-65.73" ] ],
    [ "relay3:NO", "led3:A", "red", [ "h0" ] ],
    [ "relay2:NO", "led2:A", "yellow", [ "h0" ] ],
    [ "relay1:NO", "led1:A", "green", [ "h0" ] ],
    [ "relay3:VCC", "esp:VIN", "purple", [ "h-201.45", "v-61.23" ] ],
    [ "relay1:COM", "vcc1:VCC", "purple", [ "h0" ] ],
    [ "led3:C", "led2:C", "black", [ "v1.13", "h38.47", "v-105.15" ] ],
    [ "led2:C", "led1:C", "black", [ "v1.17", "h42.81", "v-99.03" ] ],
    [ "led1:C", "gnd1:GND", "black", [ "v-1.83", "h42.49", "v-43.14" ] ],
    [ "relay3:COM", "relay2:COM", "purple", [ "h38.1", "v-121.6" ] ],
    [ "relay2:COM", "relay1:COM", "purple", [ "h34.71", "v-105.33" ] ],
    [ "relay3:GND", "esp:GND.2", "black", [ "h-213.34", "v-80.73" ] ]
  ],
  "dependencies": {}
}