{
  "version": 1,
  "author": "Camargo Maldonado Juan Pablo",
  "editor": "wokwi",
  "parts": [
    { "type": "wokwi-esp32-devkit-v1", "id": "esp", "top": 0, "left": 0, "attrs": {} },
    {
      "type": "wokwi-led",
      "id": "led1",
      "top": 212.29,
      "left": -204.39,
      "attrs": { "color": "red", "flip": "1" }
    },
    {
      "type": "wokwi-led",
      "id": "led2",
      "top": 210.86,
      "left": -145.24,
      "attrs": { "color": "yellow", "flip": "1" }
    },
    {
      "type": "wokwi-led",
      "id": "led3",
      "top": 202.08,
      "left": -72.17,
      "attrs": { "color": "limegreen", "flip": "1" }
    },
    {
      "type": "wokwi-led",
      "id": "led4",
      "top": -26,
      "left": 126.6,
      "attrs": { "color": "green", "flip": "1" }
    },
    {
      "type": "wokwi-led",
      "id": "led5",
      "top": -26.67,
      "left": 183.27,
      "attrs": { "color": "yellow", "flip": "1" }
    },
    {
      "type": "wokwi-led",
      "id": "led6",
      "top": -28.67,
      "left": 255.93,
      "attrs": { "color": "red", "flip": "1" }
    },
    {
      "type": "wokwi-resistor",
      "id": "r1",
      "top": 191.09,
      "left": -240.75,
      "rotate": 270,
      "attrs": { "value": "330" }
    },
    {
      "type": "wokwi-resistor",
      "id": "r2",
      "top": 166.01,
      "left": -195.22,
      "rotate": 270,
      "attrs": { "value": "330" }
    },
    {
      "type": "wokwi-resistor",
      "id": "r3",
      "top": 180.44,
      "left": -111.93,
      "rotate": 270,
      "attrs": { "value": "330" }
    },
    {
      "type": "wokwi-resistor",
      "id": "r4",
      "top": 57.55,
      "left": 110.4,
      "rotate": 90,
      "attrs": { "value": "330" }
    },
    {
      "type": "wokwi-resistor",
      "id": "r5",
      "top": 78.22,
      "left": 165.07,
      "rotate": 90,
      "attrs": { "value": "330" }
    },
    {
      "type": "wokwi-resistor",
      "id": "r6",
      "top": 95.55,
      "left": 233.07,
      "rotate": 90,
      "attrs": { "value": "330" }
    },
    {
      "type": "wokwi-led",
      "id": "led7",
      "top": -151.39,
      "left": -92.03,
      "attrs": { "color": "red" }
    },
    {
      "type": "wokwi-led",
      "id": "led8",
      "top": -152.27,
      "left": -36.24,
      "attrs": { "color": "yellow", "flip": "1" }
    },
    {
      "type": "wokwi-led",
      "id": "led9",
      "top": -151.41,
      "left": 21.25,
      "attrs": { "color": "green", "flip": "" }
    },
    {
      "type": "wokwi-resistor",
      "id": "r7",
      "top": -93.68,
      "left": 84.67,
      "rotate": 270,
      "attrs": { "value": "330" }
    },
    {
      "type": "wokwi-resistor",
      "id": "r8",
      "top": -61.06,
      "left": -52.64,
      "rotate": 270,
      "attrs": { "value": "330" }
    },
    {
      "type": "wokwi-resistor",
      "id": "r9",
      "top": -38.75,
      "left": -89.54,
      "rotate": 270,
      "attrs": { "value": "330" }
    }
  ],
  "connections": [
    [ "esp:TX0", "$serialMonitor:RX", "", [] ],
    [ "esp:RX0", "$serialMonitor:TX", "", [] ],
    [ "led6:A", "r6:1", "green", [ "v0" ] ],
    [ "r6:2", "esp:D2", "green", [ "h0" ] ],
    [ "r5:2", "esp:D4", "green", [ "h0" ] ],
    [ "r5:1", "led5:A", "green", [ "h0" ] ],
    [ "led4:A", "r4:1", "green", [ "v0" ] ],
    [ "r4:2", "esp:D5", "green", [ "h0" ] ],
    [ "led4:C", "esp:GND.1", "black", [ "v0" ] ],
    [ "led5:C", "esp:GND.1", "black", [ "v0" ] ],
    [ "led6:C", "esp:GND.1", "black", [ "v0" ] ],
    [ "led3:C", "esp:GND.2", "black", [ "v-0.74", "h27.35", "v-136.45" ] ],
    [ "led2:C", "esp:GND.2", "black", [ "v31.68", "h104.72", "v-175.07" ] ],
    [ "led1:C", "esp:GND.2", "black", [ "v56", "h184.46", "v-201.68" ] ],
    [ "led3:A", "r3:1", "green", [ "v0.12", "h-21" ] ],
    [ "r3:2", "esp:D13", "green", [ "h-0.18", "v-10.27" ] ],
    [ "led2:A", "r2:1", "green", [ "v0.78", "h-19.16" ] ],
    [ "r2:2", "esp:D12", "green", [ "h-1", "v-25.02" ] ],
    [ "led1:A", "r1:1", "green", [ "v1.93", "h-16.65", "v-125.3" ] ],
    [ "r1:2", "esp:D14", "green", [ "h-0.09", "v-56.96" ] ],
    [ "led9:C", "esp:GND.1", "black", [ "v81.56", "h72.1", "v172.5" ] ],
    [ "led8:C", "esp:GND.2", "black", [ "v0" ] ],
    [ "led7:C", "esp:GND.2", "black", [ "v0" ] ],
    [ "led7:A", "r9:2", "green", [ "v0" ] ],
    [ "r9:1", "esp:D32", "green", [ "h-0.26", "v76.32" ] ],
    [ "led8:A", "r8:2", "green", [ "v0" ] ],
    [ "led9:A", "r7:2", "green", [ "v0" ] ],
    [ "r7:1", "esp:D21", "green", [ "h-1.97", "v120.95" ] ],
    [ "esp:D25", "r8:1", "green", [ "h0" ] ]
  ],
  "dependencies": {}
}